Week,Away Team,Home Team,Winning Team,Rec_home,Yds_home,Yds/Rec_home,TD_home,20_home,40_home,Lng_home,Rec 1st_home,Rec 1st%_home,Rec FUM_home,Rec_away,Yds_away,Yds/Rec_away,TD_away,20_away,40_away,Lng_away,Rec 1st_away,Rec 1st%_away,Rec FUM_away,Home_Win
1,Lions,Chiefs,Lions,421,4383,10.4,28,52,8,67,216,51.3,7,408,4606,11.3,30,70,9,70,228,55.9,4,0
16,Lions,Vikings,Lions,424,4700,11.1,30,74,7,62,220,51.9,4,408,4606,11.3,30,70,9,70,228,55.9,4,0
13,Lions,Saints,Lions,406,4225,10.4,28,52,11,58,199,49.0,0,408,4606,11.3,30,70,9,70,228,55.9,4,0
7,Lions,Ravens,Ravens,328,3881,11.8,27,52,9,80,180,54.9,6,408,4606,11.3,30,70,9,70,228,55.9,4,1
14,Lions,Bears,Bears,321,3421,10.7,19,48,5,58,169,52.6,4,408,4606,11.3,30,70,9,70,228,55.9,4,1
10,Lions,Chargers,Lions,409,4312,10.5,24,55,7,79,204,49.9,8,408,4606,11.3,30,70,9,70,228,55.9,4,0
6,Lions,Buccaneers,Lions,364,4044,11.1,28,60,12,75,188,51.6,7,408,4606,11.3,30,70,9,70,228,55.9,4,0
17,Lions,Cowboys,Cowboys,428,4660,10.9,36,64,7,92,229,53.5,6,408,4606,11.3,30,70,9,70,228,55.9,4,1
4,Lions,Packers,Lions,374,4210,11.3,32,56,7,77,211,56.4,5,408,4606,11.3,30,70,9,70,228,55.9,4,0
3,Bears,Chiefs,Chiefs,421,4383,10.4,28,52,8,67,216,51.3,7,321,3421,10.7,19,48,5,58,169,52.6,4,1
15,Bears,Browns,Browns,355,4011,11.3,24,53,15,75,173,48.7,5,321,3421,10.7,19,48,5,58,169,52.6,4,1
12,Bears,Vikings,Bears,424,4700,11.1,30,74,7,62,220,51.9,4,321,3421,10.7,19,48,5,58,169,52.6,4,0
9,Bears,Saints,Saints,406,4225,10.4,28,52,11,58,199,49.0,0,321,3421,10.7,19,48,5,58,169,52.6,4,1
5,Bears,Commanders,Bears,407,4174,10.3,24,48,5,51,190,46.7,5,321,3421,10.7,19,48,5,58,169,52.6,4,0
8,Bears,Chargers,Chargers,409,4312,10.5,24,55,7,79,204,49.9,8,321,3421,10.7,19,48,5,58,169,52.6,4,1
11,Bears,Lions,Lions,408,4606,11.3,30,70,9,70,228,55.9,4,321,3421,10.7,19,48,5,58,169,52.6,4,0
2,Bears,Buccaneers,Buccaneers,364,4044,11.1,28,60,12,75,188,51.6,7,321,3421,10.7,19,48,5,58,169,52.6,4,1
18,Bears,Packers,Packers,374,4210,11.3,32,56,7,77,211,56.4,5,321,3421,10.7,19,48,5,58,169,52.6,4,1
6,Broncos,Chiefs,Chiefs,421,4383,10.4,28,52,8,67,216,51.3,7,337,3566,10.6,28,44,13,60,154,45.7,7,1
4,Broncos,Bears,Broncos,321,3421,10.7,19,48,5,58,169,52.6,4,337,3566,10.6,28,44,13,60,154,45.7,7,0
14,Broncos,Chargers,Broncos,409,4312,10.5,24,55,7,79,204,49.9,8,337,3566,10.6,28,44,13,60,154,45.7,7,0
10,Broncos,Bills,Broncos,385,4306,11.2,29,49,9,81,199,51.7,6,337,3566,10.6,28,44,13,60,154,45.7,7,0
15,Broncos,Lions,Lions,408,4606,11.3,30,70,9,70,228,55.9,4,337,3566,10.6,28,44,13,60,154,45.7,7,1
13,Broncos,Texans,Texans,372,4578,12.3,27,69,10,75,215,57.8,3,337,3566,10.6,28,44,13,60,154,45.7,7,1
3,Broncos,Dolphins,Dolphins,393,4698,12.0,30,59,12,78,223,56.7,4,337,3566,10.6,28,44,13,60,154,45.7,7,1
18,Broncos,Raiders,Raiders,348,3666,10.5,20,35,5,50,182,52.3,3,337,3566,10.6,28,44,13,60,154,45.7,7,1
7,Chargers,Chiefs,Chiefs,421,4383,10.4,28,52,8,67,216,51.3,7,409,4312,10.5,24,55,7,79,204,49.9,8,1
3,Chargers,Vikings,Chargers,424,4700,11.1,30,74,7,62,220,51.9,4,409,4312,10.5,24,55,7,79,204,49.9,8,0
17,Chargers,Broncos,Broncos,337,3566,10.6,28,44,13,60,154,45.7,7,409,4312,10.5,24,55,7,79,204,49.9,8,1
9,Chargers,Jets,Chargers,356,3373,9.5,11,37,3,68,156,43.8,2,409,4312,10.5,24,55,7,79,204,49.9,8,0
2,Chargers,Titans,Titans,304,3512,11.6,14,54,10,70,158,52.0,2,409,4312,10.5,24,55,7,79,204,49.9,8,1
13,Chargers,Patriots,Chargers,351,3392,9.7,16,34,4,58,153,43.6,5,409,4312,10.5,24,55,7,79,204,49.9,8,0
11,Chargers,Packers,Packers,374,4210,11.3,32,56,7,77,211,56.4,5,409,4312,10.5,24,55,7,79,204,49.9,8,1
15,Chargers,Raiders,Raiders,348,3666,10.5,20,35,5,50,182,52.3,3,409,4312,10.5,24,55,7,79,204,49.9,8,1
9,Dolphins,Chiefs,Chiefs,421,4383,10.4,28,52,8,67,216,51.3,7,393,4698,12.0,30,59,12,78,223,56.7,4,1
13,Dolphins,Commanders,Dolphins,407,4174,10.3,24,48,5,51,190,46.7,5,393,4698,12.0,30,59,12,78,223,56.7,4,0
17,Dolphins,Ravens,Ravens,328,3881,11.8,27,52,9,80,180,54.9,6,393,4698,12.0,30,59,12,78,223,56.7,4,1
7,Dolphins,Eagles,Eagles,369,4067,11.0,24,50,7,63,197,53.4,4,393,4698,12.0,30,59,12,78,223,56.7,4,1
1,Dolphins,Chargers,Dolphins,409,4312,10.5,24,55,7,79,204,49.9,8,393,4698,12.0,30,59,12,78,223,56.7,4,0
12,Dolphins,Jets,Dolphins,356,3373,9.5,11,37,3,68,156,43.8,2,393,4698,12.0,30,59,12,78,223,56.7,4,0
4,Dolphins,Bills,Bills,385,4306,11.2,29,49,9,81,199,51.7,6,393,4698,12.0,30,59,12,78,223,56.7,4,1
2,Dolphins,Patriots,Dolphins,351,3392,9.7,16,34,4,58,153,43.6,5,393,4698,12.0,30,59,12,78,223,56.7,4,0
11,Eagles,Chiefs,Eagles,421,4383,10.4,28,52,8,67,216,51.3,7,369,4067,11.0,24,50,7,63,197,53.4,4,0
8,Eagles,Commanders,Eagles,407,4174,10.3,24,48,5,51,190,46.7,5,369,4067,11.0,24,50,7,63,197,53.4,4,0
15,Eagles,Seahawks,Seahawks,371,4167,11.2,23,56,6,73,189,50.9,0,369,4067,11.0,24,50,7,63,197,53.4,4,1
18,Eagles,Giants,Giants,338,3351,9.9,15,44,7,80,141,41.7,3,369,4067,11.0,24,50,7,63,197,53.4,4,1
6,Eagles,Jets,Jets,356,3373,9.5,11,37,3,68,156,43.8,2,369,4067,11.0,24,50,7,63,197,53.4,4,1
3,Eagles,Buccaneers,Eagles,364,4044,11.1,28,60,12,75,188,51.6,7,369,4067,11.0,24,50,7,63,197,53.4,4,0
5,Eagles,Rams,Eagles,361,4300,11.9,26,64,8,80,206,57.1,4,369,4067,11.0,24,50,7,63,197,53.4,4,0
14,Eagles,Cowboys,Cowboys,428,4660,10.9,36,64,7,92,229,53.5,6,369,4067,11.0,24,50,7,63,197,53.4,4,1
14,Bills,Chiefs,Bills,421,4383,10.4,28,52,8,67,216,51.3,7,385,4306,11.2,29,49,9,81,199,51.7,6,0
3,Bills,Commanders,Bills,407,4174,10.3,24,48,5,51,190,46.7,5,385,4306,11.2,29,49,9,81,199,51.7,6,0
12,Bills,Eagles,Eagles,369,4067,11.0,24,50,7,63,197,53.4,4,385,4306,11.2,29,49,9,81,199,51.7,6,1
16,Bills,Chargers,Bills,409,4312,10.5,24,55,7,79,204,49.9,8,385,4306,11.2,29,49,9,81,199,51.7,6,0
1,Bills,Jets,Jets,356,3373,9.5,11,37,3,68,156,43.8,2,385,4306,11.2,29,49,9,81,199,51.7,6,1
9,Bills,Bengals,Bengals,420,4257,10.1,27,46,10,80,208,49.5,3,385,4306,11.2,29,49,9,81,199,51.7,6,1
7,Bills,Patriots,Patriots,351,3392,9.7,16,34,4,58,153,43.6,5,385,4306,11.2,29,49,9,81,199,51.7,6,1
18,Bills,Dolphins,Bills,393,4698,12.0,30,59,12,78,223,56.7,4,385,4306,11.2,29,49,9,81,199,51.7,6,0
16,Raiders,Chiefs,Raiders,421,4383,10.4,28,52,8,67,216,51.3,7,348,3666,10.5,20,35,5,50,182,52.3,3,0
17,Raiders,Colts,Colts,355,3882,10.9,18,45,11,75,178,50.1,3,348,3666,10.5,20,35,5,50,182,52.3,3,1
7,Raiders,Bears,Bears,321,3421,10.7,19,48,5,58,169,52.6,4,348,3666,10.5,20,35,5,50,182,52.3,3,1
1,Raiders,Broncos,Raiders,337,3566,10.6,28,44,13,60,154,45.7,7,348,3666,10.5,20,35,5,50,182,52.3,3,0
4,Raiders,Chargers,Chargers,409,4312,10.5,24,55,7,79,204,49.9,8,348,3666,10.5,20,35,5,50,182,52.3,3,1
2,Raiders,Bills,Bills,385,4306,11.2,29,49,9,81,199,51.7,6,348,3666,10.5,20,35,5,50,182,52.3,3,1
8,Raiders,Lions,Lions,408,4606,11.3,30,70,9,70,228,55.9,4,348,3666,10.5,20,35,5,50,182,52.3,3,1
11,Raiders,Dolphins,Dolphins,393,4698,12.0,30,59,12,78,223,56.7,4,348,3666,10.5,20,35,5,50,182,52.3,3,1
17,Bengals,Chiefs,Chiefs,421,4383,10.4,28,52,8,67,216,51.3,7,420,4257,10.1,27,46,10,80,208,49.5,3,1
1,Bengals,Browns,Browns,355,4011,11.3,24,53,15,75,173,48.7,5,420,4257,10.1,27,46,10,80,208,49.5,3,1
16,Bengals,Steelers,Steelers,323,3421,10.6,13,41,9,86,153,47.4,6,420,4257,10.1,27,46,10,80,208,49.5,3,1
11,Bengals,Ravens,Ravens,328,3881,11.8,27,52,9,80,180,54.9,6,420,4257,10.1,27,46,10,80,208,49.5,3,1
4,Bengals,Titans,Titans,304,3512,11.6,14,54,10,70,158,52.0,2,420,4257,10.1,27,46,10,80,208,49.5,3,1
13,Bengals,Jaguars,Bengals,412,4377,10.6,22,51,10,65,199,48.3,8,420,4257,10.1,27,46,10,80,208,49.5,3,0
5,Bengals,Cardinals,Bengals,355,3430,9.7,18,38,3,69,173,48.7,2,420,4257,10.1,27,46,10,80,208,49.5,3,0
8,Bengals,49ers,Bengals,336,4577,13.6,33,75,15,76,207,61.6,3,420,4257,10.1,27,46,10,80,208,49.5,3,0
1,Panthers,Falcons,Falcons,327,3775,11.5,17,46,10,75,181,55.4,2,350,3245,9.3,13,31,5,48,150,42.9,7,1
14,Panthers,Saints,Saints,406,4225,10.4,28,52,11,58,199,49.0,0,350,3245,9.3,13,31,5,48,150,42.9,7,1
10,Panthers,Bears,Bears,321,3421,10.7,19,48,5,58,169,52.6,4,350,3245,9.3,13,31,5,48,150,42.9,7,1
3,Panthers,Seahawks,Seahawks,371,4167,11.2,23,56,6,73,189,50.9,0,350,3245,9.3,13,31,5,48,150,42.9,7,1
5,Panthers,Lions,Lions,408,4606,11.3,30,70,9,70,228,55.9,4,350,3245,9.3,13,31,5,48,150,42.9,7,1
12,Panthers,Titans,Titans,304,3512,11.6,14,54,10,70,158,52.0,2,350,3245,9.3,13,31,5,48,150,42.9,7,1
13,Panthers,Buccaneers,Buccaneers,364,4044,11.1,28,60,12,75,188,51.6,7,350,3245,9.3,13,31,5,48,150,42.9,7,1
17,Panthers,Jaguars,Jaguars,412,4377,10.6,22,51,10,65,199,48.3,8,350,3245,9.3,13,31,5,48,150,42.9,7,1
6,Panthers,Dolphins,Dolphins,393,4698,12.0,30,59,12,78,223,56.7,4,350,3245,9.3,13,31,5,48,150,42.9,7,1
2,Packers,Falcons,Falcons,327,3775,11.5,17,46,10,75,181,55.4,2,374,4210,11.3,32,56,7,77,211,56.4,5,1
17,Packers,Vikings,Packers,424,4700,11.1,30,74,7,62,220,51.9,4,374,4210,11.3,32,56,7,77,211,56.4,5,0
10,Packers,Steelers,Steelers,323,3421,10.6,13,41,9,86,153,47.4,6,374,4210,11.3,32,56,7,77,211,56.4,5,1
1,Packers,Bears,Packers,321,3421,10.7,19,48,5,58,169,52.6,4,374,4210,11.3,32,56,7,77,211,56.4,5,0
7,Packers,Broncos,Broncos,337,3566,10.6,28,44,13,60,154,45.7,7,374,4210,11.3,32,56,7,77,211,56.4,5,1
14,Packers,Giants,Giants,338,3351,9.9,15,44,7,80,141,41.7,3,374,4210,11.3,32,56,7,77,211,56.4,5,1
12,Packers,Lions,Packers,408,4606,11.3,30,70,9,70,228,55.9,4,374,4210,11.3,32,56,7,77,211,56.4,5,0
16,Packers,Panthers,Packers,350,3245,9.3,13,31,5,48,150,42.9,7,374,4210,11.3,32,56,7,77,211,56.4,5,0
5,Packers,Raiders,Raiders,348,3666,10.5,20,35,5,50,182,52.3,3,374,4210,11.3,32,56,7,77,211,56.4,5,1
5,Texans,Falcons,Falcons,327,3775,11.5,17,46,10,75,181,55.4,2,372,4578,12.3,27,69,10,75,215,57.8,3,1
18,Texans,Colts,Texans,355,3882,10.9,18,45,11,75,178,50.1,3,372,4578,12.3,27,69,10,75,215,57.8,3,0
1,Texans,Ravens,Ravens,328,3881,11.8,27,52,9,80,180,54.9,6,372,4578,12.3,27,69,10,75,215,57.8,3,1
14,Texans,Jets,Jets,356,3373,9.5,11,37,3,68,156,43.8,2,372,4578,12.3,27,69,10,75,215,57.8,3,1
10,Texans,Bengals,Texans,420,4257,10.1,27,46,10,80,208,49.5,3,372,4578,12.3,27,69,10,75,215,57.8,3,0
15,Texans,Titans,Texans,304,3512,11.6,14,54,10,70,158,52.0,2,372,4578,12.3,27,69,10,75,215,57.8,3,0
3,Texans,Jaguars,Texans,412,4377,10.6,22,51,10,65,199,48.3,8,372,4578,12.3,27,69,10,75,215,57.8,3,0
8,Texans,Panthers,Panthers,350,3245,9.3,13,31,5,48,150,42.9,7,372,4578,12.3,27,69,10,75,215,57.8,3,1
6,Commanders,Falcons,Commanders,327,3775,11.5,17,46,10,75,181,55.4,2,407,4174,10.3,24,48,5,51,190,46.7,5,0
2,Commanders,Broncos,Commanders,337,3566,10.6,28,44,13,60,154,45.7,7,407,4174,10.3,24,48,5,51,190,46.7,5,0
4,Commanders,Eagles,Eagles,369,4067,11.0,24,50,7,63,197,53.4,4,407,4174,10.3,24,48,5,51,190,46.7,5,1
10,Commanders,Seahawks,Seahawks,371,4167,11.2,23,56,6,73,189,50.9,0,407,4174,10.3,24,48,5,51,190,46.7,5,1
7,Commanders,Giants,Giants,338,3351,9.9,15,44,7,80,141,41.7,3,407,4174,10.3,24,48,5,51,190,46.7,5,1
16,Commanders,Jets,Jets,356,3373,9.5,11,37,3,68,156,43.8,2,407,4174,10.3,24,48,5,51,190,46.7,5,1
15,Commanders,Rams,Rams,361,4300,11.9,26,64,8,80,206,57.1,4,407,4174,10.3,24,48,5,51,190,46.7,5,1
12,Commanders,Cowboys,Cowboys,428,4660,10.9,36,64,7,92,229,53.5,6,407,4174,10.3,24,48,5,51,190,46.7,5,1
9,Commanders,Patriots,Commanders,351,3392,9.7,16,34,4,58,153,43.6,5,407,4174,10.3,24,48,5,51,190,46.7,5,0
9,Vikings,Falcons,Vikings,327,3775,11.5,17,46,10,75,181,55.4,2,424,4700,11.1,30,74,7,62,220,51.9,4,0
6,Vikings,Bears,Vikings,321,3421,10.7,19,48,5,58,169,52.6,4,424,4700,11.1,30,74,7,62,220,51.9,4,0
11,Vikings,Broncos,Broncos,337,3566,10.6,28,44,13,60,154,45.7,7,424,4700,11.1,30,74,7,62,220,51.9,4,1
2,Vikings,Eagles,Eagles,369,4067,11.0,24,50,7,63,197,53.4,4,424,4700,11.1,30,74,7,62,220,51.9,4,1
15,Vikings,Bengals,Bengals,420,4257,10.1,27,46,10,80,208,49.5,3,424,4700,11.1,30,74,7,62,220,51.9,4,1
18,Vikings,Lions,Lions,408,4606,11.3,30,70,9,70,228,55.9,4,424,4700,11.1,30,74,7,62,220,51.9,4,1
4,Vikings,Panthers,Vikings,350,3245,9.3,13,31,5,48,150,42.9,7,424,4700,11.1,30,74,7,62,220,51.9,4,0
8,Vikings,Packers,Vikings,374,4210,11.3,32,56,7,77,211,56.4,5,424,4700,11.1,30,74,7,62,220,51.9,4,0
14,Vikings,Raiders,Vikings,348,3666,10.5,20,35,5,50,182,52.3,3,424,4700,11.1,30,74,7,62,220,51.9,4,0
12,Saints,Falcons,Falcons,327,3775,11.5,17,46,10,75,181,55.4,2,406,4225,10.4,28,52,11,58,199,49.0,0,1
8,Saints,Colts,Saints,355,3882,10.9,18,45,11,75,178,50.1,3,406,4225,10.4,28,52,11,58,199,49.0,0,0
10,Saints,Vikings,Vikings,424,4700,11.1,30,74,7,62,220,51.9,4,406,4225,10.4,28,52,11,58,199,49.0,0,1
17,Saints,Buccaneers,Saints,364,4044,11.1,28,60,12,75,188,51.6,7,406,4225,10.4,28,52,11,58,199,49.0,0,0
6,Saints,Texans,Texans,372,4578,12.3,27,69,10,75,215,57.8,3,406,4225,10.4,28,52,11,58,199,49.0,0,1
16,Saints,Rams,Rams,361,4300,11.9,26,64,8,80,206,57.1,4,406,4225,10.4,28,52,11,58,199,49.0,0,1
5,Saints,Patriots,Saints,351,3392,9.7,16,34,4,58,153,43.6,5,406,4225,10.4,28,52,11,58,199,49.0,0,0
2,Saints,Panthers,Saints,350,3245,9.3,13,31,5,48,150,42.9,7,406,4225,10.4,28,52,11,58,199,49.0,0,0
3,Saints,Packers,Packers,374,4210,11.3,32,56,7,77,211,56.4,5,406,4225,10.4,28,52,11,58,199,49.0,0,1
14,Buccaneers,Falcons,Buccaneers,327,3775,11.5,17,46,10,75,181,55.4,2,364,4044,11.1,28,60,12,75,188,51.6,7,0
12,Buccaneers,Colts,Colts,355,3882,10.9,18,45,11,75,178,50.1,3,364,4044,11.1,28,60,12,75,188,51.6,7,1
1,Buccaneers,Vikings,Buccaneers,424,4700,11.1,30,74,7,62,220,51.9,4,364,4044,11.1,28,60,12,75,188,51.6,7,0
4,Buccaneers,Saints,Buccaneers,406,4225,10.4,28,52,11,58,199,49.0,0,364,4044,11.1,28,60,12,75,188,51.6,7,0
8,Buccaneers,Bills,Bills,385,4306,11.2,29,49,9,81,199,51.7,6,364,4044,11.1,28,60,12,75,188,51.6,7,1
9,Buccaneers,Texans,Texans,372,4578,12.3,27,69,10,75,215,57.8,3,364,4044,11.1,28,60,12,75,188,51.6,7,1
18,Buccaneers,Panthers,Buccaneers,350,3245,9.3,13,31,5,48,150,42.9,7,364,4044,11.1,28,60,12,75,188,51.6,7,0
11,Buccaneers,49ers,49ers,336,4577,13.6,33,75,15,76,207,61.6,3,364,4044,11.1,28,60,12,75,188,51.6,7,1
15,Buccaneers,Packers,Buccaneers,374,4210,11.3,32,56,7,77,211,56.4,5,364,4044,11.1,28,60,12,75,188,51.6,7,0
16,Colts,Falcons,Falcons,327,3775,11.5,17,46,10,75,181,55.4,2,355,3882,10.9,18,45,11,75,178,50.1,3,1
3,Colts,Ravens,Colts,328,3881,11.8,27,52,9,80,180,54.9,6,355,3882,10.9,18,45,11,75,178,50.1,3,0
14,Colts,Bengals,Bengals,420,4257,10.1,27,46,10,80,208,49.5,3,355,3882,10.9,18,45,11,75,178,50.1,3,1
13,Colts,Titans,Colts,304,3512,11.6,14,54,10,70,158,52.0,2,355,3882,10.9,18,45,11,75,178,50.1,3,0
6,Colts,Jaguars,Jaguars,412,4377,10.6,22,51,10,65,199,48.3,8,355,3882,10.9,18,45,11,75,178,50.1,3,1
2,Colts,Texans,Colts,372,4578,12.3,27,69,10,75,215,57.8,3,355,3882,10.9,18,45,11,75,178,50.1,3,0
10,Colts,Patriots,Colts,351,3392,9.7,16,34,4,58,153,43.6,5,355,3882,10.9,18,45,11,75,178,50.1,3,0
9,Colts,Panthers,Colts,350,3245,9.3,13,31,5,48,150,42.9,7,355,3882,10.9,18,45,11,75,178,50.1,3,0
3,Titans,Browns,Browns,355,4011,11.3,24,53,15,75,173,48.7,5,304,3512,11.6,14,54,10,70,158,52.0,2,1
5,Titans,Colts,Colts,355,3882,10.9,18,45,11,75,178,50.1,3,304,3512,11.6,14,54,10,70,158,52.0,2,1
1,Titans,Saints,Saints,406,4225,10.4,28,52,11,58,199,49.0,0,304,3512,11.6,14,54,10,70,158,52.0,2,1
9,Titans,Steelers,Steelers,323,3421,10.6,13,41,9,86,153,47.4,6,304,3512,11.6,14,54,10,70,158,52.0,2,1
10,Titans,Buccaneers,Buccaneers,364,4044,11.1,28,60,12,75,188,51.6,7,304,3512,11.6,14,54,10,70,158,52.0,2,1
11,Titans,Jaguars,Jaguars,412,4377,10.6,22,51,10,65,199,48.3,8,304,3512,11.6,14,54,10,70,158,52.0,2,1
17,Titans,Texans,Texans,372,4578,12.3,27,69,10,75,215,57.8,3,304,3512,11.6,14,54,10,70,158,52.0,2,1
14,Titans,Dolphins,Titans,393,4698,12.0,30,59,12,78,223,56.7,4,304,3512,11.6,14,54,10,70,158,52.0,2,0
4,Ravens,Browns,Ravens,355,4011,11.3,24,53,15,75,173,48.7,5,328,3881,11.8,27,52,9,80,180,54.9,6,0
5,Ravens,Steelers,Steelers,323,3421,10.6,13,41,9,86,153,47.4,6,328,3881,11.8,27,52,9,80,180,54.9,6,1
12,Ravens,Chargers,Ravens,409,4312,10.5,24,55,7,79,204,49.9,8,328,3881,11.8,27,52,9,80,180,54.9,6,0
2,Ravens,Bengals,Ravens,420,4257,10.1,27,46,10,80,208,49.5,3,328,3881,11.8,27,52,9,80,180,54.9,6,0
6,Ravens,Titans,Ravens,304,3512,11.6,14,54,10,70,158,52.0,2,328,3881,11.8,27,52,9,80,180,54.9,6,0
15,Ravens,Jaguars,Ravens,412,4377,10.6,22,51,10,65,199,48.3,8,328,3881,11.8,27,52,9,80,180,54.9,6,0
8,Ravens,Cardinals,Ravens,355,3430,9.7,18,38,3,69,173,48.7,2,328,3881,11.8,27,52,9,80,180,54.9,6,0
16,Ravens,49ers,Ravens,336,4577,13.6,33,75,15,76,207,61.6,3,328,3881,11.8,27,52,9,80,180,54.9,6,0
6,49ers,Browns,Browns,355,4011,11.3,24,53,15,75,173,48.7,5,336,4577,13.6,33,75,15,76,207,61.6,3,1
7,49ers,Vikings,Vikings,424,4700,11.1,30,74,7,62,220,51.9,4,336,4577,13.6,33,75,15,76,207,61.6,3,1
1,49ers,Steelers,49ers,323,3421,10.6,13,41,9,86,153,47.4,6,336,4577,13.6,33,75,15,76,207,61.6,3,0
17,49ers,Commanders,49ers,407,4174,10.3,24,48,5,51,190,46.7,5,336,4577,13.6,33,75,15,76,207,61.6,3,0
13,49ers,Eagles,49ers,369,4067,11.0,24,50,7,63,197,53.4,4,336,4577,13.6,33,75,15,76,207,61.6,3,0
12,49ers,Seahawks,49ers,371,4167,11.2,23,56,6,73,189,50.9,0,336,4577,13.6,33,75,15,76,207,61.6,3,0
10,49ers,Jaguars,49ers,412,4377,10.6,22,51,10,65,199,48.3,8,336,4577,13.6,33,75,15,76,207,61.6,3,0
2,49ers,Rams,49ers,361,4300,11.9,26,64,8,80,206,57.1,4,336,4577,13.6,33,75,15,76,207,61.6,3,0
15,49ers,Cardinals,49ers,355,3430,9.7,18,38,3,69,173,48.7,2,336,4577,13.6,33,75,15,76,207,61.6,3,0
9,Cardinals,Browns,Browns,355,4011,11.3,24,53,15,75,173,48.7,5,355,3430,9.7,18,38,3,69,173,48.7,2,1
13,Cardinals,Steelers,Cardinals,323,3421,10.6,13,41,9,86,153,47.4,6,355,3430,9.7,18,38,3,69,173,48.7,2,0
1,Cardinals,Commanders,Commanders,407,4174,10.3,24,48,5,51,190,46.7,5,355,3430,9.7,18,38,3,69,173,48.7,2,1
16,Cardinals,Bears,Bears,321,3421,10.7,19,48,5,58,169,52.6,4,355,3430,9.7,18,38,3,69,173,48.7,2,1
17,Cardinals,Eagles,Cardinals,369,4067,11.0,24,50,7,63,197,53.4,4,355,3430,9.7,18,38,3,69,173,48.7,2,0
7,Cardinals,Seahawks,Seahawks,371,4167,11.2,23,56,6,73,189,50.9,0,355,3430,9.7,18,38,3,69,173,48.7,2,1
11,Cardinals,Texans,Texans,372,4578,12.3,27,69,10,75,215,57.8,3,355,3430,9.7,18,38,3,69,173,48.7,2,1
6,Cardinals,Rams,Rams,361,4300,11.9,26,64,8,80,206,57.1,4,355,3430,9.7,18,38,3,69,173,48.7,2,1
4,Cardinals,49ers,49ers,336,4577,13.6,33,75,15,76,207,61.6,3,355,3430,9.7,18,38,3,69,173,48.7,2,1
11,Steelers,Browns,Browns,355,4011,11.3,24,53,15,75,173,48.7,5,323,3421,10.6,13,41,9,86,153,47.4,6,1
15,Steelers,Colts,Colts,355,3882,10.9,18,45,11,75,178,50.1,3,323,3421,10.6,13,41,9,86,153,47.4,6,1
18,Steelers,Ravens,Steelers,328,3881,11.8,27,52,9,80,180,54.9,6,323,3421,10.6,13,41,9,86,153,47.4,6,0
17,Steelers,Seahawks,Steelers,371,4167,11.2,23,56,6,73,189,50.9,0,323,3421,10.6,13,41,9,86,153,47.4,6,0
12,Steelers,Bengals,Steelers,420,4257,10.1,27,46,10,80,208,49.5,3,323,3421,10.6,13,41,9,86,153,47.4,6,0
4,Steelers,Texans,Texans,372,4578,12.3,27,69,10,75,215,57.8,3,323,3421,10.6,13,41,9,86,153,47.4,6,1
7,Steelers,Rams,Steelers,361,4300,11.9,26,64,8,80,206,57.1,4,323,3421,10.6,13,41,9,86,153,47.4,6,0
3,Steelers,Raiders,Steelers,348,3666,10.5,20,35,5,50,182,52.3,3,323,3421,10.6,13,41,9,86,153,47.4,6,0
14,Jaguars,Browns,Browns,355,4011,11.3,24,53,15,75,173,48.7,5,412,4377,10.6,22,51,10,65,199,48.3,8,1
1,Jaguars,Colts,Jaguars,355,3882,10.9,18,45,11,75,178,50.1,3,412,4377,10.6,22,51,10,65,199,48.3,8,0
7,Jaguars,Saints,Jaguars,406,4225,10.4,28,52,11,58,199,49.0,0,412,4377,10.6,22,51,10,65,199,48.3,8,0
8,Jaguars,Steelers,Jaguars,323,3421,10.6,13,41,9,86,153,47.4,6,412,4377,10.6,22,51,10,65,199,48.3,8,0
5,Jaguars,Bills,Jaguars,385,4306,11.2,29,49,9,81,199,51.7,6,412,4377,10.6,22,51,10,65,199,48.3,8,0
18,Jaguars,Titans,Titans,304,3512,11.6,14,54,10,70,158,52.0,2,412,4377,10.6,22,51,10,65,199,48.3,8,1
16,Jaguars,Buccaneers,Buccaneers,364,4044,11.1,28,60,12,75,188,51.6,7,412,4377,10.6,22,51,10,65,199,48.3,8,1
12,Jaguars,Texans,Jaguars,372,4578,12.3,27,69,10,75,215,57.8,3,412,4377,10.6,22,51,10,65,199,48.3,8,0
17,Jets,Browns,Browns,355,4011,11.3,24,53,15,75,173,48.7,5,356,3373,9.5,11,37,3,68,156,43.8,2,1
5,Jets,Broncos,Jets,337,3566,10.6,28,44,13,60,154,45.7,7,356,3373,9.5,11,37,3,68,156,43.8,2,0
8,Jets,Giants,Jets,338,3351,9.9,15,44,7,80,141,41.7,3,356,3373,9.5,11,37,3,68,156,43.8,2,0
11,Jets,Bills,Bills,385,4306,11.2,29,49,9,81,199,51.7,6,356,3373,9.5,11,37,3,68,156,43.8,2,1
2,Jets,Cowboys,Cowboys,428,4660,10.9,36,64,7,92,229,53.5,6,356,3373,9.5,11,37,3,68,156,43.8,2,1
18,Jets,Patriots,Jets,351,3392,9.7,16,34,4,58,153,43.6,5,356,3373,9.5,11,37,3,68,156,43.8,2,0
15,Jets,Dolphins,Dolphins,393,4698,12.0,30,59,12,78,223,56.7,4,356,3373,9.5,11,37,3,68,156,43.8,2,1
10,Jets,Raiders,Raiders,348,3666,10.5,20,35,5,50,182,52.3,3,356,3373,9.5,11,37,3,68,156,43.8,2,1
4,Rams,Colts,Rams,355,3882,10.9,18,45,11,75,178,50.1,3,361,4300,11.9,26,64,8,80,206,57.1,4,0
14,Rams,Ravens,Ravens,328,3881,11.8,27,52,9,80,180,54.9,6,361,4300,11.9,26,64,8,80,206,57.1,4,1
1,Rams,Seahawks,Rams,371,4167,11.2,23,56,6,73,189,50.9,0,361,4300,11.9,26,64,8,80,206,57.1,4,0
17,Rams,Giants,Rams,338,3351,9.9,15,44,7,80,141,41.7,3,361,4300,11.9,26,64,8,80,206,57.1,4,0
3,Rams,Bengals,Bengals,420,4257,10.1,27,46,10,80,208,49.5,3,361,4300,11.9,26,64,8,80,206,57.1,4,1
12,Rams,Cardinals,Rams,355,3430,9.7,18,38,3,69,173,48.7,2,361,4300,11.9,26,64,8,80,206,57.1,4,0
8,Rams,Cowboys,Cowboys,428,4660,10.9,36,64,7,92,229,53.5,6,361,4300,11.9,26,64,8,80,206,57.1,4,1
18,Rams,49ers,Rams,336,4577,13.6,33,75,15,76,207,61.6,3,361,4300,11.9,26,64,8,80,206,57.1,4,0
9,Rams,Packers,Packers,374,4210,11.3,32,56,7,77,211,56.4,5,361,4300,11.9,26,64,8,80,206,57.1,4,1
7,Browns,Colts,Browns,355,3882,10.9,18,45,11,75,178,50.1,3,355,4011,11.3,24,53,15,75,173,48.7,5,0
2,Browns,Steelers,Steelers,323,3421,10.6,13,41,9,86,153,47.4,6,355,4011,11.3,24,53,15,75,173,48.7,5,1
10,Browns,Ravens,Browns,328,3881,11.8,27,52,9,80,180,54.9,6,355,4011,11.3,24,53,15,75,173,48.7,5,0
12,Browns,Broncos,Broncos,337,3566,10.6,28,44,13,60,154,45.7,7,355,4011,11.3,24,53,15,75,173,48.7,5,1
8,Browns,Seahawks,Seahawks,371,4167,11.2,23,56,6,73,189,50.9,0,355,4011,11.3,24,53,15,75,173,48.7,5,1
18,Browns,Bengals,Bengals,420,4257,10.1,27,46,10,80,208,49.5,3,355,4011,11.3,24,53,15,75,173,48.7,5,1
16,Browns,Texans,Browns,372,4578,12.3,27,69,10,75,215,57.8,3,355,4011,11.3,24,53,15,75,173,48.7,5,0
13,Browns,Rams,Rams,361,4300,11.9,26,64,8,80,206,57.1,4,355,4011,11.3,24,53,15,75,173,48.7,5,1
5,Chiefs,Vikings,Chiefs,424,4700,11.1,30,74,7,62,220,51.9,4,421,4383,10.4,28,52,8,67,216,51.3,7,0
8,Chiefs,Broncos,Broncos,337,3566,10.6,28,44,13,60,154,45.7,7,421,4383,10.4,28,52,8,67,216,51.3,7,1
18,Chiefs,Chargers,Chiefs,409,4312,10.5,24,55,7,79,204,49.9,8,421,4383,10.4,28,52,8,67,216,51.3,7,0
4,Chiefs,Jets,Chiefs,356,3373,9.5,11,37,3,68,156,43.8,2,421,4383,10.4,28,52,8,67,216,51.3,7,0
2,Chiefs,Jaguars,Chiefs,412,4377,10.6,22,51,10,65,199,48.3,8,421,4383,10.4,28,52,8,67,216,51.3,7,0
15,Chiefs,Patriots,Patriots,351,3392,9.7,16,34,4,58,153,43.6,5,421,4383,10.4,28,52,8,67,216,51.3,7,0
13,Chiefs,Packers,Packers,374,4210,11.3,32,56,7,77,211,56.4,5,421,4383,10.4,28,52,8,67,216,51.3,7,1
12,Chiefs,Raiders,Chiefs,348,3666,10.5,20,35,5,50,182,52.3,3,421,4383,10.4,28,52,8,67,216,51.3,7,0
15,Giants,Saints,Saints,406,4225,10.4,28,52,11,58,199,49.0,0,338,3351,9.9,15,44,7,80,141,41.7,3,1
11,Giants,Commanders,Giants,407,4174,10.3,24,48,5,51,190,46.7,5,338,3351,9.9,15,44,7,80,141,41.7,3,0
16,Giants,Eagles,Eagles,369,4067,11.0,24,50,7,63,197,53.4,4,338,3351,9.9,15,44,7,80,141,41.7,3,1
6,Giants,Bills,Bills,385,4306,11.2,29,49,9,81,199,51.7,6,338,3351,9.9,15,44,7,80,141,41.7,3,1
2,Giants,Cardinals,Giants,355,3430,9.7,18,38,3,69,173,48.7,2,338,3351,9.9,15,44,7,80,141,41.7,3,0
10,Giants,Cowboys,Cowboys,428,4660,10.9,36,64,7,92,229,53.5,6,338,3351,9.9,15,44,7,80,141,41.7,3,1
3,Giants,49ers,49ers,336,4577,13.6,33,75,15,76,207,61.6,3,338,3351,9.9,15,44,7,80,141,41.7,3,1
5,Giants,Dolphins,Dolphins,393,4698,12.0,30,59,12,78,223,56.7,4,338,3351,9.9,15,44,7,80,141,41.7,3,1
9,Giants,Raiders,Raiders,348,3666,10.5,20,35,5,50,182,52.3,3,338,3351,9.9,15,44,7,80,141,41.7,3,1
18,Falcons,Saints,Saints,406,4225,10.4,28,52,11,58,199,49.0,0,327,3775,11.5,17,46,10,75,181,55.4,2,1
17,Falcons,Bears,Bears,321,3421,10.7,19,48,5,58,169,52.6,4,327,3775,11.5,17,46,10,75,181,55.4,2,1
3,Falcons,Lions,Lions,408,4606,11.3,30,70,9,70,228,55.9,4,327,3775,11.5,17,46,10,75,181,55.4,2,1
8,Falcons,Titans,Titans,304,3512,11.6,14,54,10,70,158,52.0,2,327,3775,11.5,17,46,10,75,181,55.4,2,1
7,Falcons,Buccaneers,Falcons,364,4044,11.1,28,60,12,75,188,51.6,7,327,3775,11.5,17,46,10,75,181,55.4,2,0
4,Falcons,Jaguars,Jaguars,412,4377,10.6,22,51,10,65,199,48.3,8,327,3775,11.5,17,46,10,75,181,55.4,2,1
10,Falcons,Cardinals,Cardinals,355,3430,9.7,18,38,3,69,173,48.7,2,327,3775,11.5,17,46,10,75,181,55.4,2,1
15,Falcons,Panthers,Panthers,350,3245,9.3,13,31,5,48,150,42.9,7,327,3775,11.5,17,46,10,75,181,55.4,2,1
14,Patriots,Steelers,Patriots,323,3421,10.6,13,41,9,86,153,47.4,6,351,3392,9.7,16,34,4,58,153,43.6,5,0
16,Patriots,Broncos,Patriots,337,3566,10.6,28,44,13,60,154,45.7,7,351,3392,9.7,16,34,4,58,153,43.6,5,0
1,Patriots,Eagles,Eagles,369,4067,11.0,24,50,7,63,197,53.4,4,351,3392,9.7,16,34,4,58,153,43.6,5,1
12,Patriots,Giants,Giants,338,3351,9.9,15,44,7,80,141,41.7,3,351,3392,9.7,16,34,4,58,153,43.6,5,1
3,Patriots,Jets,Patriots,356,3373,9.5,11,37,3,68,156,43.8,2,351,3392,9.7,16,34,4,58,153,43.6,5,0
17,Patriots,Bills,Bills,385,4306,11.2,29,49,9,81,199,51.7,6,351,3392,9.7,16,34,4,58,153,43.6,5,1
4,Patriots,Cowboys,Cowboys,428,4660,10.9,36,64,7,92,229,53.5,6,351,3392,9.7,16,34,4,58,153,43.6,5,1
8,Patriots,Dolphins,Dolphins,393,4698,12.0,30,59,12,78,223,56.7,4,351,3392,9.7,16,34,4,58,153,43.6,5,1
6,Patriots,Raiders,Raiders,348,3666,10.5,20,35,5,50,182,52.3,3,351,3392,9.7,16,34,4,58,153,43.6,5,1
18,Cowboys,Commanders,Cowboys,407,4174,10.3,24,48,5,51,190,46.7,5,428,4660,10.9,36,64,7,92,229,53.5,6,0
9,Cowboys,Eagles,Eagles,369,4067,11.0,24,50,7,63,197,53.4,4,428,4660,10.9,36,64,7,92,229,53.5,6,1
6,Cowboys,Chargers,Cowboys,409,4312,10.5,24,55,7,79,204,49.9,8,428,4660,10.9,36,64,7,92,229,53.5,6,0
1,Cowboys,Giants,Cowboys,338,3351,9.9,15,44,7,80,141,41.7,3,428,4660,10.9,36,64,7,92,229,53.5,6,0
15,Cowboys,Bills,Bills,385,4306,11.2,29,49,9,81,199,51.7,6,428,4660,10.9,36,64,7,92,229,53.5,6,1
3,Cowboys,Cardinals,Cardinals,355,3430,9.7,18,38,3,69,173,48.7,2,428,4660,10.9,36,64,7,92,229,53.5,6,1
11,Cowboys,Panthers,Cowboys,350,3245,9.3,13,31,5,48,150,42.9,7,428,4660,10.9,36,64,7,92,229,53.5,6,0
5,Cowboys,49ers,49ers,336,4577,13.6,33,75,15,76,207,61.6,3,428,4660,10.9,36,64,7,92,229,53.5,6,1
16,Cowboys,Dolphins,Dolphins,393,4698,12.0,30,59,12,78,223,56.7,4,428,4660,10.9,36,64,7,92,229,53.5,6,1
9,Seahawks,Ravens,Ravens,328,3881,11.8,27,52,9,80,180,54.9,6,371,4167,11.2,23,56,6,73,189,50.9,0,1
4,Seahawks,Giants,Seahawks,338,3351,9.9,15,44,7,80,141,41.7,3,371,4167,11.2,23,56,6,73,189,50.9,0,0
6,Seahawks,Bengals,Bengals,420,4257,10.1,27,46,10,80,208,49.5,3,371,4167,11.2,23,56,6,73,189,50.9,0,1
2,Seahawks,Lions,Seahawks,408,4606,11.3,30,70,9,70,228,55.9,4,371,4167,11.2,23,56,6,73,189,50.9,0,0
16,Seahawks,Titans,Seahawks,304,3512,11.6,14,54,10,70,158,52.0,2,371,4167,11.2,23,56,6,73,189,50.9,0,0
11,Seahawks,Rams,Rams,361,4300,11.9,26,64,8,80,206,57.1,4,371,4167,11.2,23,56,6,73,189,50.9,0,1
18,Seahawks,Cardinals,Seahawks,355,3430,9.7,18,38,3,69,173,48.7,2,371,4167,11.2,23,56,6,73,189,50.9,0,0
13,Seahawks,Cowboys,Cowboys,428,4660,10.9,36,64,7,92,229,53.5,6,371,4167,11.2,23,56,6,73,189,50.9,0,1
14,Seahawks,49ers,49ers,336,4577,13.6,33,75,15,76,207,61.6,3,371,4167,11.2,23,56,6,73,189,50.9,0,1
